State,2002,2003,2004,2005,2006,2007,2008,2009,2010,2011,2012,2013,2014,2015,2016,2017,2018,2019,color,tooltip_02,tooltip_03,tooltip_04,tooltip_05,tooltip_06,tooltip_07,tooltip_08,tooltip_09,tooltip_10,tooltip_11,tooltip_12,tooltip_13,tooltip_14,tooltip_15,tooltip_16,tooltip_17,tooltip_18,tooltip_19
United States,985.5717021431385,1074.7157440313556,1173.4107438063916,1218.7910744362243,1239.3767512861643,1189.37994731695,1163.6711111313566,1367.2820155637137,1791.4134494027944,1749.1801188482325,1374.2964344005406,1232.5705774967375,1178.5219484694212,1175.8281052425175,1184.7761791362586,1188.4232964141063,1161.9492769295257,1205.3897650271026,#d3d3d3,1,1.090449067981936,1.1905889153014384,1.236633592244935,1.2575206335481461,1.20679190030581,1.1807066990670883,1.38729836965747,1.8176388846263976,1.7747872783325835,1.3944154762277723,1.2506148206330363,1.1957749455536415,1.193041665751628,1.2021207351631011,1.2058212444917649,1.1789596580369057,1.2230360940822134
Alabama,994.9831847070391,1084.7577488836853,1165.6728252749365,1206.2683295731363,1250.5223438279863,1150.321168398649,1145.6455476462168,1153.1963416560025,1769.406838758315,1652.0413032886606,1180.740354769707,1193.3093163136589,1156.4166689060353,1157.8507385727892,1148.9667632384912,1136.7837414351113,1161.2973201823381,1174.3008366250829,#d3d3d3,1,1.0902272174610461,1.1715502766191521,1.2123504679411317,1.2568276158317064,1.15612121499053,1.151422019240997,1.1590108851895295,1.7783283837900192,1.6603710783062977,1.1866937782645663,1.1993261139031355,1.162247449685824,1.1636887500904898,1.154759980769716,1.1425155308225874,1.1671527097458116,1.1802217913570487
Alaska,2663.465235630449,2706.760853672897,2927.513500626895,3018.0916838553144,2776.670478050515,2649.39058973363,2778.910354074196,2832.6595119122,3266.413856369016,3654.820808528675,2995.8859195813893,2679.6469961774496,2555.520220845232,2816.22713870183,2466.0492543544533,2753.491071262747,3058.1344858302127,2992.867820778525,#d3d3d3,1,1.0162553719355003,1.0991371171150073,1.1331447632508425,1.0425029923070388,0.9947156637494133,1.0433439554229516,1.0635241166351106,1.2263775072685892,1.372205185799457,1.124807592569255,1.0060754540102606,0.9594719640635121,1.05735456991434,0.9258800232737909,1.033800266820824,1.148178862978981,1.123674445133167
Arizona,1025.1379510110687,1161.0718502204447,1219.1626924243537,1239.0370585662372,1221.2877798237362,1220.3935143113972,1198.8524248122628,1254.9129110025158,1914.7011497680478,1507.8517034410752,1239.8823106076832,1369.5606738396161,1259.355951083295,1238.6743639152003,1315.2839747249807,1313.4939061465618,1298.7970934868704,1326.1938045980435,#d3d3d3,1,1.1326005920230615,1.1892669578976403,1.2086539741741147,1.1913399349026241,1.1904675981488664,1.169454729121933,1.2241405264187377,1.8677497480993894,1.4708768726725194,1.209478499342276,1.335976950700978,1.2284746163589229,1.208300173350841,1.2830311992915178,1.2812850259334314,1.2669486016061529,1.2936735034441469
Arkansas,1047.759063035035,1173.9901810895992,1269.413772437287,1279.2755509578187,1298.449131226994,1264.74675063786,1227.2475091857348,1329.332053407418,1938.0811618364512,1992.419037229144,1558.9404028330594,1310.7758899385842,1241.3939899344914,1297.0538221312522,1317.0137346072447,1301.326013396027,1252.2810537482012,1271.1343205072635,#d3d3d3,1,1.1204772380483272,1.2115512212895458,1.22096347919163,1.2392630873225636,1.2070969321651854,1.171306985053202,1.2687383009188704,1.8497393439121657,1.901600384593878,1.4878806185816131,1.2510279664312045,1.184808639439067,1.2379313793517444,1.2569814770127226,1.2420088351481176,1.1951994479730186,1.2131933431577095
California,1177.007080449876,1302.1283085589657,1444.0992076795185,1503.0476820409606,1510.263307229169,1433.6874199695117,1397.221036579738,1864.837579205631,1848.4917468554831,1845.2688887728762,1577.7451270794375,1381.4505380584867,1283.8705003014486,1298.657893894242,1318.1721369748427,1329.0494957729888,1312.286199588702,1434.0098748183811,#d3d3d3,1,1.1063045670560163,1.226924826253003,1.2770081905254684,1.2831386763212298,1.218078840631551,1.1870965432473795,1.5843894316190965,1.570501807133524,1.5677636264240458,1.3404720781088175,1.173697729609637,1.0907925038231099,1.1033560591648002,1.1199356052055445,1.1291771458715432,1.1149348388687004,1.2183528023215235
Colorado,649.3163251996717,740.7003295942706,782.6293989970648,814.5446408890108,850.3995178839205,831.3305695687178,816.38428549074,814.0864078311603,1010.5542585944372,1330.1859835785228,931.4895588764855,895.4530061075085,848.5658792561387,877.4288178232704,861.7477495402799,822.1614293662383,796.2861089005163,800.8541613214064,#d3d3d3,1,1.1407388061073271,1.2053129863266534,1.254465056979015,1.3096844864056258,1.2803167536455744,1.2572982594264714,1.253759340766336,1.5563358248904045,2.048594701772632,1.4345697508684114,1.3790705259599736,1.3068605336469796,1.3513118086988674,1.3271616869871294,1.2661955312973454,1.2263454313360285,1.233380603937742
Connecticut,746.6949150289828,880.8612245224533,874.2839998417683,949.5897188306692,887.865152195351,862.661163513959,838.9689296749457,869.4387010191788,1760.9280636722247,1720.5716835968863,1085.528068637117,918.5228570795321,886.9422139829555,940.3202244418698,997.2838387663198,998.570755148203,985.6657225992907,1057.3077577788067,#d3d3d3,1,1.179680223867954,1.1708717740602708,1.2717238322077111,1.1890601292776832,1.1553060642986634,1.1235765943877913,1.1643827800614281,2.3582965790035875,2.3042499004162935,1.4537772345683946,1.2301180021346199,1.1878240980769623,1.259309800449587,1.3355974691854042,1.3373209527072294,1.3200380808285432,1.4159836052154815
Delaware,1104.8557513832584,1149.6830928109703,1275.0753944870353,1250.1441906977748,1213.7563296500175,1104.8620186882665,1094.0655720962534,1107.9521966820462,1793.7344366152504,1836.6729878099118,1724.424905130955,1393.4341618769083,1188.8442035417897,1207.9845131950544,1178.6836444154765,1188.713601170801,1186.4946070605395,1197.9903425751418,#d3d3d3,1,1.040573026272062,1.1540650378030481,1.1314999167381063,1.0985654264191662,1.0000056725097375,0.9902338569777133,1.0028025787935766,1.6235010175486972,1.6623645082269176,1.5607692705332872,1.2611910289034158,1.0760175724780174,1.093341381155577,1.0668212958477041,1.0758993648560495,1.0738909632095146,1.0842957020183681
District of Columbia,2938.848837168965,3143.3136830918,3491.4011139591853,3560.631409208738,2719.9027572636237,2935.1487631668174,1759.2960651013661,2018.9510403993831,2146.4252380005155,4030.7933451927765,3435.9289104557142,3217.626690282536,3236.482977056717,3393.508001866927,3407.1699266762116,3614.5039672375333,2880.7056146488812,2708.6310508187494,#d3d3d3,1,1.069573107448357,1.1880165695498996,1.211573512790384,0.9254993733817711,0.9987409784554581,0.598634418637238,0.6869870320871173,0.7303625864841002,1.3715551797743015,1.1691410823857118,1.0948595414598192,1.1012757567260476,1.1547065500435678,1.159355283464796,1.2299046897285935,0.9802156470980338,0.9216639578604567
Florida,1002.0585900896998,1072.9006312969211,1141.1055877448537,1162.9373250629676,1175.5785317106206,1162.7212914208103,1121.5946043133501,1212.0563726318883,1867.7768506686023,2046.9264245264494,1284.524446089751,1236.2250464714866,1238.5542643141032,1216.1354997899268,1204.836591129823,1192.7063035531548,1215.4686917884228,1221.9246257701254,#d3d3d3,1,1.0706965060804277,1.1387613449256564,1.1605482319740072,1.1731634690196988,1.1603326421429396,1.119290444097635,1.2095663712871225,1.8639397627452174,2.0427212987049166,1.2818855691609472,1.2336853939457026,1.236009826734017,1.2136371184454033,1.2023614218226217,1.1902560542357001,1.2129716803082538,1.2194143514709497
Georgia,874.5918345197172,978.153202118684,1074.3031009507058,1170.193261523933,1159.5288989722987,1124.2624226273078,1053.6253200521794,1176.2829715468315,1828.2420447741106,1559.0348291429937,1241.7663872302808,1174.7127459232968,1144.3813522503078,1140.760109474726,1112.4615362845286,1112.1641293014936,1063.3730998854658,1077.1229044987858,#d3d3d3,1,1.1184110844755801,1.2283479659293415,1.3379878651240158,1.3257943342325567,1.2854709800082886,1.2047051875699006,1.3449507817469943,2.090394596215378,1.7825856217822327,1.4198238975238064,1.3431554006771527,1.308474773125164,1.3043342785165326,1.2719779586044704,1.271637906283723,1.2158507064834627,1.2315721025343083
Hawaii,1310.6217504880888,1289.0752651532255,1752.6196241718885,1709.0636956926696,1569.5209699910683,1762.367699557936,2066.5476801571635,2582.5250448058127,2479.4898087267165,2215.814629122464,1941.580010747267,1841.0756511477687,1655.5893256946797,1521.9273493460769,1525.2828317686606,1449.468145713377,1526.6923295350468,1648.396168707166,#d3d3d3,1,0.9835601039530748,1.3372428952283109,1.3040098678785066,1.1975392361728796,1.3446806440543295,1.5767689490789851,1.9704579477977184,1.8918424082335956,1.6906591305212753,1.4814190364414468,1.4047345471430897,1.2632091029147972,1.1612254632423853,1.1637856850770483,1.1059393338875847,1.1648611271455638,1.257720748258059
Idaho,801.4452214788112,909.6247344354274,958.5353699491211,999.7189198734255,990.7867340655434,957.858362312176,922.7509697413118,963.362325092226,1945.5736867934645,1261.6041426206777,1106.8705862498828,957.1169595071841,890.6686620784901,907.396208924224,929.5029558360294,881.745341998817,883.387745517785,873.6576762196169,#d3d3d3,1,1.1349805452168091,1.196008590806057,1.2473951969278245,1.2362500985873532,1.1951638572936456,1.1513587516794592,1.2020314043605482,2.427581617123538,1.5741614134186117,1.381093250774528,1.1942387749734542,1.1113281833972952,1.1321999116170587,1.1597835147372002,1.100194147232967,1.102243449512089,1.0901027953071585
Illinois,995.6759201123223,1092.7259071445214,1144.2465309792442,1167.19101822023,1142.2005257221417,1097.5065007034273,1134.5844807629446,1865.2245970880736,2121.995016390757,1600.5825952541047,1305.8311055799084,1222.19419740301,1203.9157914970144,1182.532139625632,1220.6162435158928,1194.9174871583152,1184.5857069684369,1192.6682378704222,#d3d3d3,1,1.09747146141814,1.1492158320451917,1.1722599639534912,1.1471609412762438,1.1022728164196414,1.1395118209095105,1.8733250040612184,2.131210541027621,1.6075336993924116,1.3115021456304752,1.2275020141745863,1.2091442277334583,1.1876677096823136,1.225917207456614,1.2001068450299737,1.189730195378034,1.1978478275701165
Indiana,747.907807919866,811.0557408266237,881.0550044052738,923.1788534878436,918.0592713190539,917.5960003495729,936.4805871311288,1610.7720591616521,1682.4605850954617,1146.9764602652288,1212.7942732847443,1069.6925184914471,999.3978462979674,990.8928560254697,1012.3049579998745,971.1181146435961,983.0864602542897,967.4172205365744,#d3d3d3,1,1.0844327766578468,1.1780262153643326,1.2343484634228568,1.2275032585532504,1.2268838359926417,1.2521337218496686,2.1537040288984883,2.249556118119478,1.533580005609623,1.6215825806897959,1.4302464918323978,1.3362580731408102,1.3248863637102692,1.3535156970955666,1.2984462849031333,1.314448719272659,1.2934979556199895
Iowa,801.1121084644849,878.8757680198388,999.037536959555,1005.2435789418338,1046.099454929453,1003.1401474615953,966.7384914328287,1043.365643357596,1732.324669472891,1385.2396881820728,1149.737312096016,1006.0995500212402,978.5783595921451,970.8838666890207,972.7257881602492,978.8314837138261,977.5001162986994,974.8169483043151,#d3d3d3,1,1.0970696344914894,1.2470633340874595,1.2548101174860704,1.305809067016279,1.2521844781304623,1.2067455743314188,1.302396546417761,2.162399807928616,1.7291458630393222,1.4351765501332283,1.2558785960053216,1.221524864313704,1.2119201001092623,1.2142193057407424,1.221840830230342,1.2201789312263704,1.2168296272200596
Kansas,853.575280623274,921.105738867882,983.9224845630085,1006.3783031416767,930.9718086954023,916.6074511234692,880.9456521417301,950.6466781273125,1669.767003156763,1452.816947428945,939.8426095553531,942.7165218008244,911.2895366775596,1023.491157812138,973.7546402065125,1134.4860451738566,1079.7182514012645,1163.181874329945,#d3d3d3,1,1.0791148241726234,1.152707332204555,1.1790152854553464,1.0906733475407278,1.0738448874177444,1.0320655625107493,1.1137232997576474,1.9562035605547434,1.7020372782680744,1.1010658706858139,1.1044327819714508,1.0676147228773343,1.1990637276477745,1.1407952670507098,1.329098992118731,1.2649361760017965,1.3627173850215046
Kentucky,1056.2443346570833,1060.2893370432012,1244.664834077882,1265.1843939415908,1274.2306608427066,1300.7162396733045,1252.4678549079972,1268.2104163562747,1821.4403310547234,1982.8061598306358,1604.9802540705361,1386.5009068339396,1295.8207053593842,1319.556580725995,1363.2564230614696,1390.3760624097529,1370.0393189212052,1408.4522231593,#d3d3d3,1,1.0038296085984983,1.1783872284455572,1.1978141348822868,1.2063786938619594,1.2314539325747869,1.1857747434116361,1.2006790235405216,1.7244497994359098,1.8772230011291535,1.5195160829824508,1.3126706211248709,1.2268190823291667,1.2492910375272193,1.2906638912331396,1.3163394271469846,1.2970856022304702,1.3334530439082197
Louisiana,1309.0724700530886,1421.2875921250204,1482.6045544638762,1554.9748740433986,2507.391967632037,2311.8735199773864,2328.2541842357077,2204.394950848854,2727.49293775543,2579.0727734227994,2555.0648388619034,2004.681367110219,2060.168735833902,2000.2624569849177,1643.8491750144176,1662.9476981511655,1603.329575261594,1628.7473752219294,#d3d3d3,1,1.0857210923298852,1.1325610983200571,1.1878447600233604,1.9153958432342186,1.7660393697559233,1.7785525534283726,1.6839365285555628,2.0835308969906134,1.9701527855965122,1.951813132819365,1.5313753920964517,1.573762173571913,1.5279997882040848,1.2557358073138245,1.2703251624287275,1.2247828992970664,1.2441995477575634
Maine,961.0396870483141,1093.0353500832118,1289.949624804765,1317.3223841378633,1313.96710627955,1270.0506494041197,1196.1982568305718,1548.385577625667,1987.4049635425174,1773.9190760030626,1426.4340075921073,1164.3730756677871,1103.4076015021597,1116.920504616207,1098.053913460338,1079.7520627603076,1066.857482961679,1039.4779928339697,#d3d3d3,1,1.1373467348058248,1.342243865876806,1.370726310152515,1.3672350101536372,1.3215381908991555,1.2446918404634373,1.6111567487720468,2.0679738728028254,1.8458333197990842,1.4842612920317373,1.2115764742702566,1.1481394747506284,1.1622001876391357,1.1425687495100665,1.1235249462762567,1.1101076233785598,1.081618175443479
Maryland,870.9440434529441,916.4509671431141,910.5638903738476,1026.8720234749853,981.8295915035557,964.0351148251605,992.5525862812145,971.6328677583947,1383.6102616356961,1688.9274641821696,1120.6165029551455,1055.2749642509325,1015.8511182775743,1002.8411154967331,995.8215350379929,1003.6443906647171,971.1539203424056,1012.0801012373711,#d3d3d3,1,1.0522501118553533,1.0454906916451563,1.1790332928896892,1.1273165008523336,1.1068852494853143,1.1396284224485207,1.1156088328088907,1.5886327853512103,1.9391917045396498,1.2866687720974015,1.2116449640865448,1.1663793166896597,1.1514414996408608,1.1433817620360083,1.1523638036327446,1.115058915257253,1.16204951264708
Massachusetts,889.3953675094136,1024.8071182872993,1094.339940361055,1053.2430064697235,1004.2367586855368,990.2083136203689,946.865825449331,1495.285533788587,1373.67882922782,1483.1856625208598,1181.1245101342638,972.2249286248111,926.1154295909422,909.8583233342544,883.0065959271027,978.6241724699112,924.1488077453392,901.2743811808666,#d3d3d3,1,1.152251468497167,1.2304313473383053,1.1842236253367664,1.1291229922837525,1.1133499788662755,1.064617446907614,1.6812382753643704,1.5445086397004204,1.6676336719340528,1.3280083900614228,1.0931301917473961,1.0412865452451774,1.023007715772282,0.9928167249170619,1.1003252414169484,1.0390753555792023,1.0133562801262592
Michigan,1031.1113744150828,1057.6836642421226,1105.4854279437275,1147.3256914226458,1122.6079915284315,1124.9085130261149,1064.7465209562058,1588.7922304182814,1827.8414588428932,1987.282340445967,1461.519396291253,1296.7385663790985,1235.7411020475988,1259.2225344153446,1235.8349943438334,1196.6552313381144,1206.3381780011177,1223.3155060503593,#d3d3d3,1,1.025770533122199,1.0721299903910328,1.11270782176512,1.0887359206615792,1.0909670293029599,1.0326202846517945,1.5408541403391594,1.772690617325185,1.9273207431867292,1.4174214663477331,1.2576125126295865,1.1984555041385283,1.2212284391971353,1.198546563454296,1.160548958173349,1.1699397445648736,1.1864048214425993
Minnesota,693.3131892526453,773.3770730716648,833.6022475389663,851.9309433390994,868.817634283405,831.2270341015106,826.1878728784909,845.8120468427337,1815.4613893372175,1208.7882659126503,1029.9839770622955,881.8727368102117,844.5042563747044,835.2337386981106,831.310195923969,832.4130249032357,818.236162874584,828.7381502296478,#d3d3d3,1,1.1154801106630094,1.202345866862197,1.2287822538864948,1.2531387657862736,1.1989199787148563,1.1916517465491712,1.2199566659830516,2.6185300056013476,1.7434952697433315,1.485596975549482,1.2719687876713026,1.2180703749268567,1.2046990474801844,1.1990399271360712,1.200630592071287,1.180182600819406,1.1953301380621122
Mississippi,1266.6507902584117,1366.186354085736,1427.0402774761226,1476.792664795835,2208.1120092825754,1789.9997337269742,1717.7458862741921,1622.7982737230805,2248.078148837392,2350.689480669755,1803.7267115882253,1571.2929129050754,1454.8258988614384,1467.8092199365385,1510.082951553446,1454.1613028407105,1406.2611140860822,1450.612842349592,#d3d3d3,1,1.0785816932281846,1.1266248664993053,1.1659035593342597,1.7432681732524673,1.4131753972709347,1.3561321711438334,1.2811725901122364,1.7748207841711112,1.855830745733942,1.4240126208899644,1.240509953484901,1.148561158332074,1.1588112771295773,1.192185694089664,1.14803647068664,1.1102200582049835,1.1452350193960326
Missouri,848.0357529993312,842.1989341863514,921.4057781080076,1014.1105241352722,1029.6243105786864,994.0404721951271,961.5265890461319,996.1709923718029,1862.9710504104826,1718.1206126018124,1238.7943713927202,1090.806109903114,1081.0847113466032,1137.0160173856575,1102.5123838639267,1088.7959011057562,1041.8916294538835,1030.8247297037774,#d3d3d3,1,0.9931172491344425,1.0865176083074108,1.195834633797653,1.2141284219882396,1.1721681175344396,1.1338278906819748,1.1746804174806866,2.196807202787772,2.0260002087472926,1.4607808303026786,1.286273728489811,1.274810298413746,1.3407642465123215,1.3000777148422848,1.283903299188631,1.2285939900162501,1.2155439508982475
Montana,1423.6482062921484,1595.9011600689205,1762.674399736562,1728.7098800103258,1667.1415587063043,1639.6701296560723,1558.6526139264965,1630.6263011592475,2111.3696708497423,2141.247008871163,1675.7983950021635,1614.188200345166,1507.9753555630923,1592.6375856765312,1612.7182909237317,1578.9067672700987,1672.3107759472425,1752.550495352061,#d3d3d3,1,1.1209940440450523,1.238139023352825,1.214281640906711,1.1710347762445663,1.1517382752348257,1.0948298933947758,1.145385702698399,1.4830698072164505,1.5040562685412153,1.1771155174400374,1.1338392400670905,1.0592331370195531,1.1187016417661992,1.1328067452309802,1.1090568303965465,1.1746657415477162,1.2310277831322736
Nebraska,995.8343518518661,1102.7004963126321,1146.3183793410728,1370.5561853964084,1342.4967987488862,1288.6012425461006,1324.1704329150327,1202.393583293995,1844.915516679996,2201.4665534795467,1353.650646419849,1321.9253449234195,1115.5636276583723,1180.109512481737,1168.4385577846097,1117.2129900703517,1038.620143731566,1016.1325598902482,#d3d3d3,1,1.1073131733827382,1.1511135132156916,1.3762893224638262,1.348112561343523,1.2939915560753668,1.3297095349769654,1.207423283860422,1.85263293362914,2.2106754495721823,1.3593130663775388,1.327455055617584,1.120230112150536,1.1850459971451983,1.1733262219883924,1.1218863739664817,1.0429647679858953,1.0203831169316817
Nevada,607.6368403243656,722.1146284269703,782.0387979541639,830.2344352592221,798.2694179028703,815.4460155275208,783.7933043753271,1163.8741960424081,988.2173975214833,1192.047889831237,1048.1076876176617,993.7264731964995,943.7899297723784,964.5029717568716,966.0370280369647,1004.8585699495472,958.467461650342,999.8081377956331,#d3d3d3,1,1.1883983664346203,1.2870167607623986,1.3663332769883252,1.3137278139303439,1.3419956813221259,1.2899041867786136,1.9154108487252266,1.626328971419768,1.9617768553909667,1.7248916096959594,1.6353953665252314,1.5532138065700054,1.5873016705866707,1.589826297433315,1.653715678945896,1.577368911895957,1.6454040825798526
New Hampshire,598.0756800612736,691.7186124951714,798.8016733816986,822.9960285191877,823.7430669226609,856.1962980676757,831.6503822215695,875.4819568563809,1097.531562897105,1118.3870299203854,1092.358477282934,955.6757406686918,944.4942933545749,964.0900885398587,1000.8290763958112,984.5386476609824,1004.3339700884974,971.5420259035908,#d3d3d3,1,1.1565737172665238,1.3356197217379921,1.3760733899677557,1.3773224599907947,1.4315852100522752,1.3905437220526438,1.4638313946600983,1.835104819484821,1.8699757692969647,1.8264552692913723,1.597917742735805,1.5792220363446483,1.6119867780630814,1.6734154384830946,1.6461773659817018,1.67927572307505,1.6244466349209437
New Jersey,770.0541965645883,818.8711400515032,888.7693445165951,900.8028694126588,906.3310760194311,896.4427835837197,858.6468301835298,880.7927687872741,2036.2212596619465,1051.1796640583154,1147.064357165352,936.257818004232,922.4198345480759,922.1032939930498,922.3754114995473,924.4686083804643,933.2996185958968,965.9902274022211,#d3d3d3,1,1.0633941658972834,1.1541646659178353,1.1697915204298273,1.176970504235688,1.1641294698256093,1.1150472707170174,1.1438062057407379,2.6442570779382257,1.3650723140629593,1.4895891253923477,1.215833667527716,1.1978635252729357,1.1974524625757408,1.1978058370625126,1.2005240832460349,1.2119921205021527,1.2544444685994236
New Mexico,1566.332874025352,1665.5332199386346,2072.8575592481548,1948.2279457307393,1741.4745384643002,1682.3302875193176,1699.8173513589988,1866.2747621873375,2657.3897929275254,2200.372643238695,1665.0599095860725,1737.1505402339617,1538.6595440551503,1639.0833592190172,1684.9762833802274,1766.04074442175,1629.2313668931656,1605.0649457996612,#d3d3d3,1,1.0633328633768284,1.3233825284666816,1.2438147586878816,1.1118163752694838,1.0740566806823515,1.0852210149880863,1.191493068386644,1.696567720051896,1.4047924804029113,1.0630306860041823,1.1090557882307748,0.9823324081176413,1.046446375735384,1.0757459741299888,1.127500273861433,1.0401565298863769,1.0247278675028832
New York,1102.0538633295448,1251.8282787824267,1473.771638804072,1504.7619963932602,1525.5491552524275,1472.4520087526514,1372.8515788232437,1399.0742244897235,1600.0307543275321,2190.2019910418308,1587.9128276718786,1388.312264192194,1377.3469190266576,1167.0178987898523,1382.6037337163034,1479.3882592479742,1225.1682431966694,1441.254058625829,#d3d3d3,1,1.1359048050522509,1.3372954697073396,1.3654160168243015,1.3842782154434912,1.336098041799929,1.2457209438707106,1.2695152850903453,1.4518625700321857,1.9873819818795002,1.4408668038007217,1.2597499182098053,1.2498000005783678,1.0589481491077368,1.2545700166951517,1.3423919723655067,1.1117135776786529,1.3077891259066834
North Carolina,853.1993672382748,940.5392857663333,1037.8906743356863,1085.0814649977845,1086.3465768666097,1038.30557507985,1041.3832866080993,1119.4378404034553,1559.448608813719,1619.4332431027935,1393.7385844324353,1177.7751685480655,1143.7385358589158,1161.0749943327385,1132.7469920086974,1119.0911502776241,1097.3344732536334,1098.23129115333,#d3d3d3,1,1.102367537860195,1.2164691093187747,1.2717795003881565,1.2732622861442222,1.2169553974714566,1.2205626569777681,1.3120471995038734,1.8277657821776236,1.8980713128570932,1.6335438561608813,1.3804219901854964,1.3405290483994248,1.3608484006393813,1.3276463104693708,1.3116408582205303,1.2861407490321994,1.2871918725258789
North Dakota,1490.2899713811328,1689.8482386125706,1800.8387428999172,1954.7957909053778,1961.3163730927856,1929.2916096448143,1836.6034336190753,1998.1415953475048,3419.015438551814,2223.8960153555154,1825.9716459739586,1580.7771014663342,1626.936803549286,1597.9119864264787,1524.703297126722,1555.4862873261554,1563.4891492495801,1722.2366408686783,#d3d3d3,1,1.1339056633699927,1.2083814408487108,1.311688214001576,1.3160635921579256,1.2945746443269928,1.232379918598657,1.3407736975480806,2.2941947568654886,1.492257250643987,1.225245879016237,1.0607178011144651,1.091691439110682,1.0722154863228441,1.0230916978617903,1.043747402986683,1.049117406192172,1.1556386166059938
Ohio,777.2553799390056,846.0744706146595,962.9956457537186,1050.1387902631975,1064.8544820291238,1031.0311712176028,1045.1523489411068,1044.912893776257,1616.7145730634606,1753.5045652626757,1370.1743371905955,1167.4446376961498,1139.1390175873828,1121.3305053029349,1120.333973607365,1100.9127032929405,1034.2372522035826,1070.8514271655022,#d3d3d3,1,1.088541157066104,1.2389694180428688,1.3510859073701185,1.3700187988569308,1.3265024570154949,1.3446704595639134,1.344362381715847,2.080030083793477,2.2560211360650606,1.7628367362322004,1.502009079419642,1.4655916793741275,1.4426796317459136,1.4413975155698273,1.4164105282607804,1.3306273316303625,1.37773433906567
Oklahoma,1138.5113426831788,1256.6526749280968,1291.0995027841716,1424.8312490047417,1313.8604587214224,1263.2238018026046,1197.1761798319994,1407.660632369711,1373.4866280631754,1685.9231882667214,1295.31791593061,1167.0727534579294,1110.0184997807144,1097.6283120686155,1089.8726588340762,1069.566588762115,1023.6852856165093,1101.0782283868443,#d3d3d3,1,1.1037682522920582,1.134024277475692,1.2514862132570244,1.1540161344593993,1.109539935566659,1.0515276703441203,1.2364045746371015,1.2063881812773338,1.480813695095416,1.1377294782833507,1.0250866282170177,0.9749735976847502,0.9640908007835807,0.9572787006807735,0.9394430680342818,0.8991436863544513,0.9671210001227443
Oregon,1021.4342467850003,1025.1719573382018,1145.5022475615888,1194.8190990641635,1182.2698056251493,1163.7898437059694,1092.7000339946069,1377.943232869832,1695.731264001248,1737.3159945961388,1082.2730574775717,915.3662582557494,992.0151954934728,1082.7340007161447,1078.424018673122,1009.6557756772457,1052.8456441619037,1037.3161228601957,#d3d3d3,1,1.0036592767130788,1.1214645006931154,1.1697464646646596,1.1574605113803307,1.1393683414953417,1.069770313100347,1.3490278372856168,1.6601472579743837,1.7008593554253748,1.0595621410620053,0.8961577910050466,0.9711982916334312,1.0600134116553146,1.055793872260989,0.9884686937560321,1.0307522461438627,1.0155486034712309
Pennsylvania,1034.399776278216,1119.160915464844,1243.3616301082898,1312.3565372550283,1298.285978952179,1250.49133288296,1294.9713099028745,1260.3091758009693,2054.4045741577343,2311.987065709553,1451.6269438443642,1381.3096415054047,1216.9534367923334,1250.8496872770675,1287.26760349359,1326.044868890412,1343.4236365186655,1371.6729087099986,#d3d3d3,1,1.0819423409888966,1.2020126634036226,1.2687130907712534,1.2551104599262666,1.208905262317674,1.2519060227972962,1.2183966051651502,1.9860837379040326,2.235100121568194,1.4033519507006633,1.335373105430644,1.176482695279525,1.2092516993551963,1.244458509189934,1.2819462061965432,1.2987470292697871,1.3260568497465224
Rhode Island,875.7092607622312,963.9657171569676,1147.370816262965,1255.4352356974173,1267.8010235547652,1386.029606984605,1372.406254283112,1719.348052653591,2048.2264630406607,1927.4156518537711,1657.9857876057356,1551.8599195425031,1488.3927303004964,1468.843362212939,1392.8076814175017,1389.769818314686,1289.3375272222656,1369.506397957496,#d3d3d3,1,1.1007828286729737,1.3102188907586467,1.4336210566103487,1.4477419394323305,1.5827508844410105,1.5671939486954243,1.9633777209995964,2.3389343413564587,2.2009766691014754,1.8933062169087929,1.7721177439550424,1.699642560597082,1.677318521143004,1.5904909812249557,1.5870219496194529,1.4723351516232748,1.5638825113776413
South Carolina,1042.4328151252946,1076.4588725204487,1205.0950098337478,1204.6121880480734,1209.4660521382777,1203.9068912994048,1168.27488497727,1213.4472836231846,1728.2442143136159,1672.4272779014473,1319.03428599761,1233.7860734447288,1200.6296371791461,1213.3920586828024,1202.4334802471774,1192.2057373260548,1162.6648715205945,1135.2036909066976,#d3d3d3,1,1.032641007556026,1.1560409384166423,1.1555777701638121,1.16023405498119,1.1549011829167157,1.120719597489695,1.1640532281951763,1.6578950597462634,1.6043501831822427,1.2653422521422346,1.1835641161166195,1.1517573312720755,1.1640002512171101,1.1534877478916006,1.1436763310091675,1.1153379427918801,1.0889945850085816
South Dakota,1421.5049139666826,1618.2885967401994,1697.532066877633,1869.6123218124178,1855.9733797201845,1782.9516374946024,1780.0284698785244,1881.2218129444054,2369.3000349516856,2393.2032619280135,1852.6887885774981,1635.8117792730004,1536.1070352413833,1666.3777686043288,1559.4860256812258,1534.0418074323493,1658.4951302289096,1667.4381857090652,#d3d3d3,1,1.1384333468284649,1.1941795277658955,1.315234511990043,1.305639791663559,1.2542704706657042,1.2522140812805131,1.323401554550305,1.6667547271012935,1.683570164558788,1.3033291481262665,1.1507605518635167,1.080620277952403,1.1722631080847503,1.0970669255933203,1.079167431895564,1.1667178311757715,1.1730090901030448
Tennessee,871.6902544296859,935.0335535129547,1033.5028904745689,1105.1998612624793,1059.0695899014001,1021.734065911669,1044.4609469124898,1057.7211953529277,1316.181322646118,1478.36671942534,1401.9877264644283,1285.7019255650864,1189.3800669282566,1208.784787103679,1166.1472620702277,1207.9757622490642,1187.55379000092,1170.2820909179027,#d3d3d3,1,1.0726672103552561,1.1856308880621258,1.2678814012731736,1.2149609158981702,1.1721297338355023,1.1982019319418011,1.2134140424054125,1.509918593167301,1.695977111035364,1.6083553984226842,1.4749527358273298,1.3644526377163908,1.3867136645855258,1.33780004553704,1.38578555411222,1.3623575392361036,1.3425435066766627
Texas,1016.8024450080331,1112.2135554919382,1206.307647300756,1248.3013262067332,1354.559719579303,1216.010584708214,1175.6136127661416,1247.5921871978885,1972.8369445270303,1865.9477585460008,1410.6080502025732,1272.971779290163,1228.8220949314723,1246.7401060342045,1252.3864730091238,1224.017892830198,1260.3356017823305,1339.5179131188936,#d3d3d3,1,1.0938344620947005,1.186373668968927,1.2276734112267709,1.3321759071582497,1.1959162673911619,1.1561868468528849,1.2269759905898259,1.94023623193731,1.8351133671116016,1.3872980509910446,1.251936190299096,1.2085160701219244,1.22613798988687,1.2316910518436346,1.203791256442669,1.2395088229477786,1.3173826633631973
Utah,705.8244154765422,757.3212563493975,835.5279040302248,883.5490715124866,879.1027333583743,846.5553894957452,819.1856482786592,1186.0778087405433,1215.0625990634953,1051.9526136537027,857.4372915025157,797.6163556915591,727.8206867852624,746.2297479818108,721.9794023023491,751.3730215574254,715.4474057112238,693.3195404759113,#d3d3d3,1,1.0729598463069414,1.1837616915902696,1.25179726308554,1.245497766983368,1.199385245017612,1.160608262219975,1.6804148209293026,1.72147997776917,1.4903885308975457,1.214802538282288,1.1300492561638618,1.0311639422304049,1.057245586323319,1.0228881099485623,1.0645324886503547,1.0136336885260404,0.9822833062636575
Vermont,1003.4236365463967,1156.6960166936321,1356.6311279630631,1335.2930900249605,1417.13385349434,1324.2234654298434,1261.029189778531,1372.1045969657873,2235.3086566061074,1406.9996844102702,1574.5684919391872,1407.396688311031,1254.6849401264988,1323.2254728747037,1352.0483519087877,1312.0230140982335,1332.8173318823838,1338.732458402165,#d3d3d3,1,1.1527494216448513,1.352002363261387,1.3307371297538881,1.4122986562005448,1.3197052742225426,1.2567266146119163,1.3674230374802852,2.227681883496025,1.4021990644479032,1.5691961347039505,1.40259471378912,1.2504040112558024,1.3187106867733427,1.347435223433937,1.3075464502849268,1.3282698187873079,1.3341647631600955
Virginia,763.9401110779252,826.7541491920621,874.4687770767842,907.5035629765061,909.4408115287407,904.9960869933202,872.5125412964585,873.6569751697572,1438.1517344993026,1307.2789303431225,1208.776031874521,959.5423639151518,854.6695075077193,846.3131042319834,876.4022762719459,917.9030468217883,870.5904559273814,907.436103394866,#d3d3d3,1,1.0822237727843689,1.1446823702487652,1.1879250085402793,1.1904608729675328,1.1846427146185112,1.142121651480424,1.143619719007843,1.8825451284002614,1.7112322175340973,1.58229161467766,1.2560439620865442,1.1187650643213043,1.1078265062399058,1.1472133267558575,1.2015379654913265,1.1396056357074533,1.1878367037364577
Washington,902.0062280571577,962.9937838255208,998.9535024933256,1031.6670750527867,989.5736210706758,968.9928440562536,1040.5779862520326,1577.6554166050432,1581.769741097406,1502.2816274319391,1125.9650741842588,1085.4718969594232,1049.702977102734,1034.2460018887082,1076.490684298852,1015.0117599883716,972.0390162902282,949.929719778325,#d3d3d3,1,1.0676132313406803,1.107479606482301,1.1437471748669708,1.0970806966622952,1.0742640282466553,1.153626165634517,1.7490515780619105,1.7536128819247725,1.6654891958647802,1.248289689317876,1.2033973416097519,1.163742493623023,1.146606275786347,1.1934404118445152,1.1252824297839028,1.0776411360084674,1.0531298900500834
West Virginia,1299.932830169572,1321.1059259058295,1410.2658650186006,1556.1146338879962,1577.1761806708935,1559.5986775739107,1361.1622511586447,1487.1738547491234,2130.0729629743946,2072.0368279053737,1705.340655930924,1485.5710379115365,1353.4574670238303,1389.319716861305,1375.331273650722,1542.9366850375309,1371.4372837055184,1501.2946944861,#d3d3d3,1,1.0162878382981493,1.0848759507324974,1.197073108527466,1.2132751355046214,1.199753280614096,1.0471019883243393,1.1440389997344143,1.6386023289345908,1.5939568413200882,1.3118682876164207,1.142805999997514,1.041174925051532,1.0687626965156907,1.0580017995786095,1.1869357010056125,1.0550062679212577,1.1549017454157697
Wisconsin,730.8177748432712,841.7277937089261,856.8763715913803,868.794092719795,850.2804696597779,818.2239107050124,867.6444229592468,1712.641742001028,1506.720696941366,1329.4752500436073,1169.702118999239,1048.528185572837,1034.7208856205139,1011.2165145025114,969.9361844818926,978.6287682708022,954.3365051319643,965.1439510184019,#d3d3d3,1,1.1517615234378233,1.1724897793778255,1.188797156590935,1.1634644078575214,1.1196004515359332,1.1872240287879137,2.34345934233512,2.0616913665851824,1.8191610765470534,1.6005386831896495,1.4347327359377662,1.4158397910373988,1.3836780512342814,1.3271929308094648,1.339087255343065,1.3058474191280147,1.3206355732458526
Wyoming,1220.9737967539647,1364.0283612875787,1502.828760142341,1671.8610188682537,1713.1177840291427,1620.4391629355478,1394.2107646085155,1469.7033489882992,1647.232831229316,2013.5758850124305,1789.892257126658,1357.2233155417748,1309.944334510445,1371.3364369091596,1383.6190343749336,1309.014511526249,1262.0515839286998,1408.8802634993428,#d3d3d3,1,1.1171643199173753,1.2308443998861445,1.3692849292204312,1.4030749788272063,1.327169483279319,1.1418842634584887,1.203714078791533,1.3491139904956089,1.6491556906181344,1.4659546846010936,1.1115908622691477,1.072868507082637,1.1231497682873648,1.1332094415567078,1.072106964953995,1.0336434633437204,1.1538988529032639
